Elvis has left the building,1
/index.php/blogs,2
/index.php/blogs/view_blog/29,3
/,4
/index.php/home/access_token,5
/index.php/blogs/view_blog/23,6
/index.php/blogs/view_blog/5,7
/index.php/blogs/view_blog/27,8
/index.php/home/get_sample/115566512/100003969665722,9
/index.php/home/add_user_album,10
/index.php/home/load_feeds/115566512/100003969665722/0/1385524172/1390708172,11
/index.php/home/load_feeds/115566512/100003969665722/1389784375/1385524172/1390708172,12
/index.php/home/load_feeds/115566512/100003969665722/1388481815/1385524172/1390708172,13
/index.php/home/load_feeds/115566512/100003969665722/1386977569/1385524172/1390708172,14
/index.php/home/load_feeds/115566512/100003969665722/1386709174/1385524172/1390708172,15
/index.php/home/load_feeds/115566512/100003969665722/1385681312/1385524172/1390708172,16
/index.php/preview/book/115566512/0/1,17
/index.php/album/preview/115566512/144627862346202/1347449748/0/1/3/1,18
/index.php/album/preview/115566512/144627862346202/1347449748/12/4/3/1,19
/index.php/album/preview/115566512/144627862346202/1347449748/3/2/4/1,20
/index.php/album/preview/115566512/144627862346202/1347449748/15/5/4/1,21
/index.php/album/preview/115566512/144627862346202/1347449748/19/6/5/1,22
/index.php/album/preview/115566512/144627862346202/1347449748/7/3/5/1,23
/index.php/album/preview/115566512/144627862346202/1347449748/24/7/3/1,24
/index.php/album/preview/115566512/144627862346202/1347449748/27/8/4/1,25
/index.php/album/preview/115566512/144627862346202/1347449748/31/9/5/1,26
/index.php/album/preview/115566512/144627862346202/1347449748/36/10/3/1,27
/index.php/album/preview/115566512/144627862346202/1347449748/39/11/4/1,28
/index.php/album/preview/115566512/144627862346202/1347449748/43/12/5/1,29
/index.php/home/contents/963695653/1,30
/index.php/home/choose_friends/963695653,31
/index.php/home/get_friends,32
/index.php/home/edit_book/963695653/activity_log,33
/index.php/home/edit_book/963695653/likes,34
/index.php/home/edit_book/963695653/links,35
/index.php/home/edit_book/963695653/tagged_picture,36
/index.php/home/check_date_range/963695653,37
/index.php/home/load_feeds/963695653/100004512368336/0,38
/index.php/home/load_feeds/963695653/100004512368336/1387689393,39
/index.php/home/load_feeds/963695653/100004512368336/1376451853,40
/index.php/home/load_feeds/963695653/100004512368336/1365299262,41
/index.php/home/load_feeds/963695653/100004512368336/1363230215,42
/index.php/home/load_feeds/963695653/100004512368336/1361292094,43
/index.php/home/load_feeds/963695653/100004512368336/1359373140,44
/index.php/home/contents/650713501/1,45
/index.php/home/choose_friends/650713501,46
/index.php/home/choose_page/650713501/0,47
/index.php/home/contents/824278910/1,48
/index.php/home/update_album,49
/index.php/home/update_feed/824278910/100003613594832//2014-01-26/0,50
/index.php/home/contents/301444582/1,51
/index.php/home/update_feed/301444582/100003613594832//2014-01-26/0,52
/index.php/home/update_feed/301444582/100003613594832/2012/2014-01-26/0,53
/index.php/home/update_feed/301444582/100003613594832///0,54
/index.php/home/update_feed/301444582/100003613594832/2012-03-08//0,55
/index.php/home/update_feed/301444582/100003613594832/2012-03-06//0,56
/index.php/home/update_feed/301444582/100003613594832/2012-03-06/2013-01-31/0,57
/index.php/home/update_feed/301444582/100003613594832/2012-03-06/2013-12-31/0,58
/index.php/home/edit_book_size/301444582/book_size/A4,59
/index.php/home/check_date_range/301444582,60
/index.php/home/load_feeds/301444582/100003613594832/0,61
/index.php/home/load_feeds/301444582/100003613594832/1386851268,62
/index.php/home/load_feeds/301444582/100003613594832/1384553340,63
/index.php/home/load_feeds/301444582/100003613594832/1382776607,64
/index.php/home/load_feeds/301444582/100003613594832/1380516217,65
/index.php/home/load_feeds/301444582/100003613594832/1378465357,66
/index.php/home/load_feeds/301444582/100003613594832/1376218714,67
/index.php/home/load_feeds/301444582/100003613594832/1374145782,68
/index.php/home/load_feeds/301444582/100003613594832/1373514209,69
/index.php/home/load_feeds/301444582/100003613594832/1372386110,70
/index.php/home/load_feeds/301444582/100003613594832/1370640852,71
/index.php/home/edit_book_size/301444582/page_size/length,72
/index.php/home/load_feeds/301444582/100003613594832/1368324228,73
/index.php/home/load_feeds/301444582/100003613594832/1366905642,74
/index.php/home/load_feeds/301444582/100003613594832/1364126592,75
/index.php/home/load_feeds/301444582/100003613594832/1361891788,76
/index.php/home/load_feeds/301444582/100003613594832/1359218064,77
/index.php/home/load_feeds/301444582/100003613594832/1357052078,78
/index.php/home/load_feeds/301444582/100003613594832/1354430039,79
/index.php/home/load_feeds/301444582/100003613594832/1352055733,80
/index.php/home/load_feeds/301444582/100003613594832/1351170763,81
/index.php/home/load_feeds/301444582/100003613594832/1350399978,82
/index.php/home/load_feeds/301444582/100003613594832/1349624765,83
/index.php/home/load_feeds/301444582/100003613594832/1348589272,84
/index.php/home/load_feeds/301444582/100003613594832/1348083444,85
/index.php/home/load_feeds/301444582/100003613594832/1347724400,86
/index.php/home/load_feeds/301444582/100003613594832/1346658974,87
/index.php/home/load_feeds/301444582/100003613594832/1345647174,88
/index.php/home/load_feeds/301444582/100003613594832/1345135287,89
/index.php/home/load_feeds/301444582/100003613594832/1344104516,90
/index.php/home/load_feeds/301444582/100003613594832/1343579107,91
/index.php/home/load_feeds/301444582/100003613594832/1343149590,92
/index.php/home/load_feeds/301444582/100003613594832/1342632242,93
/index.php/home/load_feeds/301444582/100003613594832/1342246177,94
/index.php/home/load_feeds/301444582/100003613594832/1341957037,95
/index.php/home/load_feeds/301444582/100003613594832/1341585723,96
/index.php/home/load_feeds/301444582/100003613594832/1340606523,97
/index.php/home/load_feeds/301444582/100003613594832/1339256763,98
/index.php/home/load_feeds/301444582/100003613594832/1338644285,99
/index.php/home/load_feeds/301444582/100003613594832/1337514432,100
/index.php/home/load_feeds/301444582/100003613594832/1337360382,101
/index.php/home/load_feeds/301444582/100003613594832/1337100242,102
/index.php/home/load_feeds/301444582/100003613594832/1336833705,103
/index.php/home/load_feeds/301444582/100003613594832/1336448978,104
/index.php/home/load_feeds/301444582/100003613594832/1335893249,105
/index.php/home/load_feeds/301444582/100003613594832/1331219854,106
/index.php/home/load_feeds/301444582/100003613594832/1331046994,107
/index.php/preview/book/301444582,108
/index.php/album/preview/301444582/123088614488258/1333123142/18/3/9/1,109
/index.php/album/preview/301444582/123088614488258/1333123142/9/2/9/1,110
/index.php/album/preview/301444582/123088614488258/1333123142/0/1/9/1,111
/index.php/album/preview/301444582/123088614488258/1333123142/27/4/9/1,112
/index.php/album/preview/301444582/123088614488258/1333123142/36/5/9/1,113
/index.php/album/preview/301444582/123088614488258/1333123142/54/7/9/1,114
/index.php/album/preview/301444582/123088614488258/1333123142/72/9/9/1,115
/index.php/album/preview/301444582/123088614488258/1333123142/45/6/9/1,116
/index.php/album/preview/301444582/123088614488258/1333123142/81/10/9/1,117
/index.php/album/preview/301444582/123088614488258/1333123142/63/8/9/1,118
/index.php/album/preview/301444582/123088614488258/1333123142/99/12/9/1,119
/index.php/album/preview/301444582/123088614488258/1333123142/90/11/9/1,120
/index.php/album/preview/301444582/123088614488258/1333123142/144/17/9/1,121
/index.php/album/preview/301444582/123088614488258/1333123142/135/16/9/1,122
/index.php/album/preview/301444582/123088614488258/1333123142/117/14/9/1,123
/index.php/album/preview/301444582/123088614488258/1333123142/126/15/9/1,124
/index.php/album/preview/301444582/123088614488258/1333123142/108/13/9/1,125
/index.php/album/preview/301444582/123088614488258/1333123142/153/18/9/1,126
/index.php/album/preview/301444582/123703397760113/1333203731/0/1/9/0,127
/index.php/album/preview/301444582/146664322130687/1335969875/18/3/9/0,128
/index.php/album/preview/301444582/146664322130687/1335969875/0/1/9/0,129
/index.php/album/preview/301444582/146664322130687/1335969875/9/2/9/0,130
/index.php/album/preview/301444582/146664322130687/1335969875/27/4/9/0,131
/index.php/album/preview/301444582/123088614488258/1333123142/162/19/9/1,132
/index.php/album/preview/301444582/246663045464147/1356767406/0/1/9/0,133
/index.php/album/preview/301444582/146666272130492/1335970103/0/1/9/0,134
/index.php/preview/edit_content/301444582,135
/index.php/preview/del_album_pic,136
/index.php/home/contents/947896644/1,137
/index.php/home/update_feed/947896644/100003613594832/2012-03-06/2014-01-26/0,138
/index.php/home/update_feed/947896644/100003613594832/2012-03-06/2013-12-31/0,139
/index.php/home/edit_book_size/947896644/book_size/A4,140
/index.php/home/edit_book_size/947896644/page_size/length,141
/index.php/home/update_comments,142
/index.php/home/check_date_range/947896644,143
/index.php/home/load_feeds/947896644/100003613594832/0,144
/index.php/home/load_feeds/947896644/100003613594832/1386851268,145
/index.php/home/load_feeds/947896644/100003613594832/1384553340,146
/index.php/home/load_feeds/947896644/100003613594832/1382776607,147
/index.php/home/load_feeds/947896644/100003613594832/1380516217,148
/index.php/home/load_feeds/947896644/100003613594832/1378465357,149
/index.php/home/load_feeds/947896644/100003613594832/1376218714,150
/index.php/home/load_feeds/947896644/100003613594832/1374145782,151
/index.php/home/load_feeds/947896644/100003613594832/1373514209,152
/index.php/home/load_feeds/947896644/100003613594832/1372386110,153
/index.php/home/load_feeds/947896644/100003613594832/1370640852,154
/index.php/home/load_feeds/947896644/100003613594832/1368324228,155
/index.php/home/load_feeds/947896644/100003613594832/1366905642,156
/index.php/home/load_feeds/947896644/100003613594832/1364126592,157
/index.php/home/load_feeds/947896644/100003613594832/1361891788,158
/index.php/home/load_feeds/947896644/100003613594832/1359218064,159
/index.php/home/load_feeds/947896644/100003613594832/1357052078,160
/index.php/home/load_feeds/947896644/100003613594832/1354430039,161
/index.php/home/load_feeds/947896644/100003613594832/1352055733,162
/index.php/home/load_feeds/947896644/100003613594832/1351170763,163
/index.php/home/load_feeds/947896644/100003613594832/1350399978,164
/index.php/home/load_feeds/947896644/100003613594832/1349624765,165
/index.php/home/load_feeds/947896644/100003613594832/1348589272,166
/index.php/home/load_feeds/947896644/100003613594832/1348083444,167
/index.php/home/load_feeds/947896644/100003613594832/1347724400,168
/index.php/home/load_feeds/947896644/100003613594832/1346658974,169
/index.php/home/load_feeds/947896644/100003613594832/1345647174,170
/index.php/home/load_feeds/947896644/100003613594832/1345135287,171
/index.php/home/load_feeds/947896644/100003613594832/1344104516,172
/index.php/home/load_feeds/947896644/100003613594832/1343579107,173
/index.php/home/load_feeds/947896644/100003613594832/1343149590,174
/index.php/home/load_feeds/947896644/100003613594832/1342632242,175
/index.php/home/load_feeds/947896644/100003613594832/1342246177,176
/index.php/home/load_feeds/947896644/100003613594832/1341957037,177
/index.php/home/load_feeds/947896644/100003613594832/1341585723,178
/index.php/home/load_feeds/947896644/100003613594832/1340606523,179
/index.php/home/load_feeds/947896644/100003613594832/1339256763,180
/index.php/home/load_feeds/947896644/100003613594832/1338644285,181
/index.php/home/load_feeds/947896644/100003613594832/1337514432,182
/index.php/home/load_feeds/947896644/100003613594832/1337360382,183
/index.php/home/load_feeds/947896644/100003613594832/1337100242,184
/index.php/home/load_feeds/947896644/100003613594832/1336833705,185
/index.php/home/load_feeds/947896644/100003613594832/1336448978,186
/index.php/home/load_feeds/947896644/100003613594832/1335893249,187
/index.php/home/load_feeds/947896644/100003613594832/1331219854,188
/index.php/home/load_feeds/947896644/100003613594832/1331046994,189
/index.php/preview/book/947896644,190
/index.php/album/preview/947896644/123088614488258/1333123142/9/2/9/1,191
/index.php/album/preview/947896644/123088614488258/1333123142/27/4/9/1,192
/index.php/album/preview/947896644/123088614488258/1333123142/90/11/9/1,193
/index.php/album/preview/947896644/123088614488258/1333123142/81/10/9/1,194
/index.php/album/preview/947896644/123088614488258/1333123142/99/12/9/1,195
/index.php/album/preview/947896644/123088614488258/1333123142/63/8/9/1,196
/index.php/album/preview/947896644/123088614488258/1333123142/45/6/9/1,197
/index.php/album/preview/947896644/146664322130687/1335969875/18/3/9/0,198
/index.php/album/preview/947896644/146664322130687/1335969875/27/4/9/0,199
/index.php/album/preview/947896644/146664322130687/1335969875/0/1/9/0,200
/index.php/album/preview/947896644/123088614488258/1333123142/0/1/9/1,201
/index.php/album/preview/947896644/123088614488258/1333123142/18/3/9/1,202
/index.php/album/preview/947896644/123088614488258/1333123142/72/9/9/1,203
/index.php/album/preview/947896644/123088614488258/1333123142/54/7/9/1,204
/index.php/album/preview/947896644/123088614488258/1333123142/36/5/9/1,205
/index.php/album/preview/947896644/123088614488258/1333123142/117/14/9/1,206
/index.php/album/preview/947896644/123088614488258/1333123142/126/15/9/1,207
/index.php/album/preview/947896644/123088614488258/1333123142/135/16/9/1,208
/index.php/album/preview/947896644/123088614488258/1333123142/144/17/9/1,209
/index.php/album/preview/947896644/146664322130687/1335969875/9/2/9/0,210
/index.php/album/preview/947896644/123088614488258/1333123142/162/19/9/1,211
/index.php/album/preview/947896644/123088614488258/1333123142/153/18/9/1,212
/index.php/album/preview/947896644/123088614488258/1333123142/108/13/9/1,213
/index.php/preview/edit_content/947896644,214
/index.php/preview/del_content,215
/index.php/home/cover/947896644,216
/index.php/home/update_cover,217
/index.php/home/albums/947896644/1,218
/index.php/home/order/947896644,219
/index.php/home/add_shipping/516475384/4,220
/index.php/home/contents/755237376/1,221
/index.php/home/add_cover_profile/396336303830153/947896644/1/540/720,222
/index.php/blogs/view_blog/11,223
/index.php/blogs/blog/10,224
/index.php/blogs/blog,225
/index.php/home/get_sample/641885022/100002550476792,226
/index.php/home/load_feeds/641885022/100002550476792/0/1385529686/1390713686,227
/index.php/home/load_feeds/641885022/100002550476792/1389481153/1385529686/1390713686,228
/index.php/home/load_feeds/641885022/100002550476792/1388414054/1385529686/1390713686,229
/index.php/home/load_feeds/641885022/100002550476792/1387274541/1385529686/1390713686,230
/index.php/home/load_feeds/641885022/100002550476792/1385781017/1385529686/1390713686,231
/index.php/blogs/view_blog/21,232
/index.php/home/get_sample/658281856/100002807956631,233
/index.php/home/load_feeds/658281856/100002807956631/0/1385527634/1390711634,234
/index.php/home/load_feeds/658281856/100002807956631/1389970515/1385527634/1390711634,235
/index.php/home/load_feeds/658281856/100002807956631/1388544073/1385527634/1390711634,236
/index.php/home/load_feeds/658281856/100002807956631/1387191675/1385527634/1390711634,237
/index.php/home/load_feeds/658281856/100002807956631/1386328828/1385527634/1390711634,238
/index.php/home/load_feeds/658281856/100002807956631/1385594575/1385527634/1390711634,239
/index.php/preview/book/658281856/0/1,240
/index.php/album/preview/658281856/154330054670592/1324616814/0/1/3/1,241
/index.php/album/preview/658281856/154330054670592/1324616814/3/2/4/1,242
/index.php/album/preview/658281856/154330054670592/1324616814/15/5/4/1,243
/index.php/album/preview/658281856/154330054670592/1324616814/12/4/3/1,244
/index.php/album/preview/658281856/154330054670592/1324616814/7/3/5/1,245
/index.php/album/preview/658281856/154330054670592/1324616814/19/6/5/1,246
/index.php/album/preview/658281856/154330054670592/1324616814/24/7/3/1,247
/index.php/album/preview/658281856/154330054670592/1324616814/27/8/4/1,248
/index.php/album/preview/658281856/154330054670592/1324616814/36/10/3/1,249
/index.php/album/preview/658281856/154330054670592/1324616814/31/9/5/1,250
/index.php/album/preview/658281856/154330054670592/1324616814/39/11/4/1,251
/index.php/album/preview/658281856/154330054670592/1324616814/43/12/5/1,252
/index.php/album/preview/658281856/154330054670592/1324616814/48/13/3/1,253
/index.php/album/preview/658281856/154330054670592/1324616814/51/14/4/1,254
/index.php/album/preview/658281856/154330054670592/1324616814/63/17/4/1,255
/index.php/album/preview/658281856/154330054670592/1324616814/60/16/3/1,256
/index.php/album/preview/658281856/154330054670592/1324616814/55/15/5/1,257
/index.php/album/preview/658281856/154330054670592/1324616814/67/18/5/1,258
/index.php/album/preview/658281856/154330054670592/1324616814/72/19/3/1,259
/index.php/album/preview/658281856/154330054670592/1324616814/75/20/4/1,260
/index.php/album/preview/658281856/154330054670592/1324616814/84/22/3/1,261
/index.php/album/preview/658281856/154330054670592/1324616814/79/21/5/1,262
/index.php/album/preview/658281856/154330054670592/1324616814/87/23/4/1,263
/index.php/album/preview/658281856/154330054670592/1324616814/91/24/5/1,264
/index.php/album/preview/658281856/154330054670592/1324616814/99/26/4/1,265
/index.php/album/preview/658281856/154330054670592/1324616814/96/25/3/1,266
/index.php/album/preview/658281856/154330054670592/1324616814/108/28/3/1,267
/index.php/album/preview/658281856/154330054670592/1324616814/103/27/5/1,268
/index.php/album/preview/658281856/154330054670592/1324616814/111/29/4/1,269
/index.php/album/preview/658281856/154330054670592/1324616814/120/31/3/1,270
/index.php/album/preview/658281856/154330054670592/1324616814/115/30/5/1,271
/index.php/album/preview/658281856/154330054670592/1324616814/123/32/4/1,272
/index.php/album/preview/658281856/154330054670592/1324616814/132/34/3/1,273
/index.php/album/preview/658281856/154330054670592/1324616814/135/35/4/1,274
/index.php/album/preview/658281856/154330054670592/1324616814/127/33/5/1,275
/index.php/album/preview/658281856/154330054670592/1324616814/144/37/3/1,276
/index.php/album/preview/658281856/154330054670592/1324616814/147/38/4/1,277
/index.php/album/preview/658281856/154330054670592/1324616814/139/36/5/1,278
/index.php/album/preview/658281856/154330054670592/1324616814/156/40/3/1,279
/index.php/album/preview/658281856/154330054670592/1324616814/151/39/5/1,280
/index.php/album/preview/658281856/154330054670592/1324616814/159/41/4/1,281
/index.php/album/preview/658281856/154330054670592/1324616814/163/42/5/1,282
/index.php/album/preview/658281856/154330054670592/1324616814/168/43/3/1,283
/index.php/album/preview/658281856/154330054670592/1324616814/171/44/4/1,284
/index.php/album/preview/658281856/154330054670592/1324616814/175/45/5/1,285
/index.php/album/preview/658281856/154330054670592/1324616814/183/47/4/1,286
/index.php/album/preview/658281856/154330054670592/1324616814/180/46/3/1,287
/index.php/album/preview/658281856/154330054670592/1324616814/192/49/3/1,288
/index.php/album/preview/658281856/154330054670592/1324616814/187/48/5/1,289
/index.php/album/preview/658281856/154330054670592/1324616814/195/50/4/1,290
/index.php/home/contents/658281856,291
/index.php/blogs/view_blog/26,292
/index.php/home/contents/438076591/1,293
/index.php/home/check_date_range/438076591,294
/index.php/home/load_feeds/438076591/100003381200335/0,295
/index.php/home/load_feeds/438076591/100003381200335/1390134570,296
/index.php/home/load_feeds/438076591/100003381200335/1389632368,297
/index.php/home/load_feeds/438076591/100003381200335/1388651266,298
/index.php/home/load_feeds/438076591/100003381200335/1387325476,299
/index.php/home/load_feeds/438076591/100003381200335/1386566224,300
/index.php/home/load_feeds/438076591/100003381200335/1385816144,301
/index.php/home/load_feeds/438076591/100003381200335/1384788272,302
/index.php/home/load_feeds/438076591/100003381200335/1384144702,303
/index.php/home/load_feeds/438076591/100003381200335/1383455056,304
/index.php/home/load_feeds/438076591/100003381200335/1382446251,305
/index.php/home/load_feeds/438076591/100003381200335/1381504534,306
/index.php/home/load_feeds/438076591/100003381200335/1380594419,307
/index.php/blogs/view_blog/25,308
/index.php/home/edit_book_size/932713783/page_size/length,309
/index.php/home/edit_book_size/932713783/page_size/2column,310
/index.php/home/cover/932713783,311
/index.php/home/update_cover_layout/932713783/0/layout,312
/index.php/preview/book/932713783,313
/index.php/home/albums/932713783/1,314
/index.php/preview/edit_content/932713783,315
/index.php/home/contents/932713783,316
/index.php/home/edit_book/932713783/links,317
/index.php/home/edit_book/932713783/tagged_picture,318
/index.php/home/edit_book/932713783/status,319
/index.php/home/edit_book/932713783/activity_log,320
/index.php/home/edit_book/932713783/likes,321
/index.php/home/order/932713783,322
/index.php/home/sort_albums/932713783,323
/index.php/home/edit_book/932713783/timeline_photos,324
/index.php/home/check_date_range/932713783,325
/index.php/home/choose_friends/932713783/1,326
/index.php/home/contents/952978405/1,327
/index.php/home/edit_book_size/952978405/book_size/A4,328
/index.php/home/choose_friends/952978405,329
/index.php/home/choose_page/952978405/0,330
/index.php/home/update_feed/952978405/149579151763889/2011-01-01/2014-01-26/0,331
/index.php/home/edit_book/952978405/status,332
/index.php/home/edit_book/952978405/tagged_picture,333
/index.php/home/edit_book/952978405/links,334
/index.php/home/edit_book/952978405/likes,335
/index.php/home/edit_book/952978405/activity_log,336
/index.php/home/check_date_range/952978405,337
/index.php/home/load_feeds/952978405/149579151763889/0,338
/index.php/home/load_feeds/952978405/149579151763889/1389956979,339
/index.php/home/load_feeds/952978405/149579151763889/1385884846,340
/index.php/home/load_feeds/952978405/149579151763889/1383960807,341
/index.php/home/load_feeds/952978405/149579151763889/1380427938,342
/index.php/home/load_feeds/952978405/149579151763889/1375492206,343
/index.php/home/load_feeds/952978405/149579151763889/1366963065,344
/index.php/home/load_feeds/952978405/149579151763889/1364951435,345
/index.php/home/load_feeds/952978405/149579151763889/1362882964,346
/index.php/home/load_feeds/952978405/149579151763889/1362207053,347
/index.php/home/load_feeds/952978405/149579151763889/1361838216,348
/index.php/home/load_feeds/952978405/149579151763889/1359817210,349
/index.php/home/load_feeds/952978405/149579151763889/1358137782,350
/index.php/home/load_feeds/952978405/149579151763889/1357194007,351
/index.php/home/load_feeds/952978405/149579151763889/1356610152,352
/index.php/home/load_feeds/952978405/149579151763889/1355894976,353
/index.php/home/load_feeds/952978405/149579151763889/1353564149,354
/index.php/home/load_feeds/952978405/149579151763889/1352206083,355
/index.php/home/load_feeds/952978405/149579151763889/1350337335,356
/index.php/home/load_feeds/952978405/149579151763889/1349039733,357
/index.php/home/load_feeds/952978405/149579151763889/1348317649,358
/index.php/home/load_feeds/952978405/149579151763889/1345945854,359
/index.php/home/load_feeds/952978405/149579151763889/1344693319,360
/index.php/home/load_feeds/952978405/149579151763889/1343293386,361
/index.php/home/load_feeds/952978405/149579151763889/1341651767,362
/index.php/home/load_feeds/952978405/149579151763889/1339294428,363
/index.php/home/load_feeds/952978405/149579151763889/1336447197,364
/index.php/home/load_feeds/952978405/149579151763889/1334985207,365
/index.php/home/load_feeds/952978405/149579151763889/1333235810,366
/index.php/home/load_feeds/952978405/149579151763889/1331341269,367
/index.php/home/load_feeds/952978405/149579151763889/1329061320,368
/index.php/home/load_feeds/952978405/149579151763889/1328107017,369
/index.php/,370
/index.php/home/contents/154542927/1,371
/index.php/home/choose_friends/154542927,372
/index.php/home/choose_page/154542927/0,373
/index.php/home/update_feed/154542927/149579151763889/2011-01-01/2014-01-26/0,374
/index.php/home/update_feed/154542927/149579151763889/2011-01-01/2012-12-31/0,375
/index.php/home/edit_book_size/154542927/book_size/A4,376
/index.php/home/edit_book/154542927/status,377
/index.php/home/edit_book/154542927/tagged_picture,378
/index.php/home/edit_book/154542927/links,379
/index.php/home/edit_book/154542927/likes,380
/index.php/home/edit_book/154542927/activity_log,381
/index.php/home/check_date_range/154542927,382
/index.php/home/load_feeds/154542927/149579151763889/0,383
/index.php/home/load_feeds/154542927/149579151763889/1355895000,384
/index.php/home/load_feeds/154542927/149579151763889/1353575327,385
/index.php/home/load_feeds/154542927/149579151763889/1352817495,386
/index.php/home/load_feeds/154542927/149579151763889/1350714692,387
/index.php/home/load_feeds/154542927/149579151763889/1349221853,388
/index.php/home/load_feeds/154542927/149579151763889/1348343943,389
/index.php/home/load_feeds/154542927/149579151763889/1345985337,390
/index.php/home/load_feeds/154542927/149579151763889/1344863693,391
/index.php/home/load_feeds/154542927/149579151763889/1343568528,392
/index.php/home/load_feeds/154542927/149579151763889/1341761860,393
/index.php/home/load_feeds/154542927/149579151763889/1339931394,394
/index.php/home/load_feeds/154542927/149579151763889/1336648990,395
/index.php/home/load_feeds/154542927/149579151763889/1335101796,396
/index.php/home/load_feeds/154542927/149579151763889/1333448796,397
/index.php/home/load_feeds/154542927/149579151763889/1331594498,398
/index.php/home/load_feeds/154542927/149579151763889/1329457321,399
/index.php/home/load_feeds/154542927/149579151763889/1327553320,400
/index.php/home/load_feeds/154542927/149579151763889/1326921490,401
/index.php/home/load_feeds/154542927/149579151763889/1326207218,402
/index.php/home/load_feeds/154542927/149579151763889/1325169544,403
/index.php/home/load_feeds/154542927/149579151763889/1322794534,404
/index.php/home/load_feeds/154542927/149579151763889/1321655231,405
/index.php/home/load_feeds/154542927/149579151763889/1321103051,406
/index.php/home/load_feeds/154542927/149579151763889/1320489051,407
/index.php/home/load_feeds/154542927/149579151763889/1319963472,408
/index.php/home/load_feeds/154542927/149579151763889/1319718094,409
/index.php/home/load_feeds/154542927/149579151763889/1319332137,410
/index.php/preview/book/154542927,411
/index.php/album/preview/154542927/149580278430443/1296231618/0/1/9/0,412
/index.php/album/preview/154542927/149938615061276/1296352997/0/1/9/0,413
/index.php/album/preview/154542927/149940225061115/1296353611/0/1/9/0,414
/index.php/album/preview/154542927/159347487453722/1299990860/9/2/9/0,415
/index.php/album/preview/154542927/159347487453722/1299990860/0/1/9/0,416
/index.php/album/preview/154542927/159347487453722/1299990860/18/3/9/0,417
/index.php/album/preview/154542927/159348224120315/1299991183/0/1/9/0,418
/index.php/album/preview/154542927/159348224120315/1299991183/9/2/9/0,419
/index.php/album/preview/154542927/159362614118876/1299999152/0/1/9/0,420
/index.php/album/preview/154542927/163897520332052/1301848140/0/1/9/0,421
/index.php/album/preview/154542927/165027366885734/1302328520/0/1/9/0,422
/index.php/album/preview/154542927/164615446926926/1302144916/0/1/9/0,423
/index.php/album/preview/154542927/165028043552333/1302328940/0/1/9/0,424
/index.php/album/preview/154542927/165424340179370/1302496009/0/1/9/0,425
/index.php/album/preview/154542927/166629176725553/1303025782/0/1/9/0,426
/index.php/album/preview/154542927/167487679973036/1303390259/0/1/9/0,427
/index.php/album/preview/154542927/167678833287254/1303473138/0/1/9/0,428
/index.php/album/preview/154542927/167678833287254/1303473138/9/2/9/0,429
/index.php/album/preview/154542927/167678833287254/1303473138/18/3/9/0,430
/index.php/album/preview/154542927/168078736580597/1303645514/0/1/9/0,431
/index.php/album/preview/154542927/169172173137920/1304094565/0/1/9/0,432
/index.php/album/preview/154542927/174350575953413/1306252670/0/1/9/0,433
/index.php/album/preview/154542927/174350575953413/1306252670/9/2/9/0,434
/index.php/album/preview/154542927/175012052553932/1306526312/0/1/9/0,435
/index.php/album/preview/154542927/175012052553932/1306526312/9/2/9/0,436
/index.php/album/preview/154542927/175370179184786/1306684535/0/1/9/0,437
/index.php/album/preview/154542927/175370179184786/1306684535/9/2/9/0,438
/index.php/album/preview/154542927/185292208192583/1309865955/0/1/9/0,439
/index.php/album/preview/154542927/222242591164211/1316990791/0/1/9/0,440
/index.php/album/preview/154542927/222242591164211/1316990791/9/2/9/0,441
/index.php/album/preview/154542927/222242591164211/1316990791/18/3/9/0,442
/index.php/album/preview/154542927/222242591164211/1316990791/27/4/9/0,443
/index.php/album/preview/154542927/222242591164211/1316990791/36/5/9/0,444
/index.php/album/preview/154542927/222242591164211/1316990791/54/7/9/0,445
/index.php/album/preview/154542927/222242591164211/1316990791/45/6/9/0,446
/index.php/album/preview/154542927/224795837575553/1317551445/0/1/9/0,447
/index.php/album/preview/154542927/224795837575553/1317551445/9/2/9/0,448
/index.php/album/preview/154542927/230443893677414/1318729199/0/1/9/0,449
/index.php/album/preview/154542927/235109713210832/1319717502/0/1/9/0,450
/index.php/album/preview/154542927/235109713210832/1319717502/9/2/9/0,451
/index.php/album/preview/154542927/235109713210832/1319717502/18/3/9/0,452
/index.php/album/preview/154542927/235109713210832/1319717502/27/4/9/0,453
/index.php/album/preview/154542927/237877852934018/1320319478/0/1/9/0,454
/index.php/album/preview/154542927/239158602805943/1320593944/0/1/9/0,455
/index.php/album/preview/154542927/241795029208967/1321102294/0/1/9/0,456
/index.php/album/preview/154542927/242096382512165/1321150779/0/1/9/0,457
/index.php/album/preview/154542927/245090812212722/1321693937/0/1/9/0,458
/index.php/album/preview/154542927/303388096382993/1330557841/0/1/9/0,459
/index.php/album/preview/154542927/583214591733674/1388520054/0/1/9/0,460
/index.php/album/preview/154542927/241795029208967/1321102294/9/2/9/0,461
/index.php/preview/edit_content/929346754,462
/index.php/news/view_news/9,463
